insert into CONTA (ID, NUMERO_CONTA, SALDO)
values(1, 8054, 1220.0);
insert into CONTA  (ID, NUMERO_CONTA, SALDO)
values(2, 8183,	4330.0);
insert into CONTA (ID, NUMERO_CONTA, SALDO)
values(3, 5475,	10.0);
insert into CONTA (ID, NUMERO_CONTA, SALDO)
values(4, 5235,	5540.1);
insert into CONTA (ID, NUMERO_CONTA, SALDO)
values(5, 8877,	3432.3);

insert into TRANSFERENCIA(ID, DATA, ESTADO, ID_CONTA_RECEBEDORA, VALOR, CONTA_ID)
values (1,	'2021-03-11',	1,	2,	300.0,	1);
insert into TRANSFERENCIA(ID, DATA, ESTADO, ID_CONTA_RECEBEDORA, VALOR, CONTA_ID)
values (2, '2022-02-28',	1,	3,	150.0,	2);
insert into TRANSFERENCIA(ID, DATA, ESTADO, ID_CONTA_RECEBEDORA, VALOR, CONTA_ID)
values (3,	'2019-05-23',	1,	2,	400.35,	3);
insert into TRANSFERENCIA(ID, DATA, ESTADO, ID_CONTA_RECEBEDORA, VALOR, CONTA_ID)
values (4,	'2016-01-12',	1,	3,	200.5,	5);
insert into TRANSFERENCIA(ID, DATA, ESTADO, ID_CONTA_RECEBEDORA, VALOR, CONTA_ID)
values (5,	'2021-06-15',	1,	1,	500.0, 4);
insert into TRANSFERENCIA(ID, DATA, ESTADO, ID_CONTA_RECEBEDORA, VALOR, CONTA_ID)
values (6,	'2020-07-16',	1,	1,	250.4,	3);
insert into TRANSFERENCIA(ID, DATA, ESTADO, ID_CONTA_RECEBEDORA, VALOR, CONTA_ID)
values (7,	'2017-09-01',	1,	4,	800.5,	1);
insert into TRANSFERENCIA(ID, DATA, ESTADO, ID_CONTA_RECEBEDORA, VALOR, CONTA_ID)
values (8,	'2022-06-05',	2,	4,	1000.0,	5);

insert into PARCELA (ID, DATA_PAGAMENTO, VALOR_DA_PARCELA, TRANSFERENCIA_ID)
values(1, '2021-04-11',	100.0, 1);
insert into PARCELA (ID, DATA_PAGAMENTO, VALOR_DA_PARCELA, TRANSFERENCIA_ID)
values(2,	'2021-05-11',	100.0, 1);
insert into PARCELA (ID, DATA_PAGAMENTO, VALOR_DA_PARCELA, TRANSFERENCIA_ID)
values(3,	'2021-06-11', 100.0, 1);
insert into PARCELA (ID, DATA_PAGAMENTO, VALOR_DA_PARCELA, TRANSFERENCIA_ID)
values(4,	'2019-06-23',	200.175, 3);
insert into PARCELA (ID, DATA_PAGAMENTO, VALOR_DA_PARCELA, TRANSFERENCIA_ID)
values(5,	'2019-07-23',	200.175, 3);
insert into PARCELA (ID, DATA_PAGAMENTO, VALOR_DA_PARCELA, TRANSFERENCIA_ID)
values(6,	'2022-07-05',	250.0, 8);
insert into PARCELA (ID, DATA_PAGAMENTO, VALOR_DA_PARCELA, TRANSFERENCIA_ID)
values(7,	'2022-08-05',	250.0, 8);
insert into PARCELA (ID, DATA_PAGAMENTO, VALOR_DA_PARCELA, TRANSFERENCIA_ID)
values(8,	'2022-09-05',	250.0, 8);
insert into PARCELA (ID, DATA_PAGAMENTO, VALOR_DA_PARCELA, TRANSFERENCIA_ID)
values(9,	'2022-10-05',	250.0, 8);

